ID,source,category,stability,recognizability,nLines,density,convexity,pct0,pct45,pct90,pct135,colinear,parallel,acute,orthogonal,obtuse,names
img0001.png,Adlington/Tower-Block_ed.bmp,manipulable,0.68,0.42,139,0.84,1.00,0.29,0.14,0.39,0.19,0.09,0.32,0.23,0.15,0.22,maze,house,clip board,window,shelving unit,bottle,telephonebooth,baking pan,book,gas can,house,bottle,suitcase,box shelves or clock,bottle,bottle,box,box,flask,package,building,floor plan house
img0002.png,Adlington/whisk_ed.bmp,manipulable,0.97,0.70,111,1.00,0.86,0.04,0.10,0.11,0.76,0.25,0.44,0.11,0.09,0.10,club,baseballbat,whisk,drumstick,bat,club,bat,bat,bat,club,bate,baseball bat,baseball bat,bat,baseball bat,bat,club,baseball bat,baseball bat or club,baseball bat,baseball bat,baseball bat,baseball bat,baseball bat,microphone,bat,bat,baseball bat,bat,wisk,racket,bat,baseball bat,bat,whisk,bat,canoe ore,club,bat
img0003.png,Adlington/mincer_ed.bmp,living,0.50,0.22,105,1.00,0.71,0.30,0.27,0.22,0.22,0.10,0.25,0.27,0.16,0.23,mailboix,man with bow and arrow,bird,train with no wheels,drill,ostrich
img0004.png,Adlington/motorbike_ed.bmp,non-manipulable,1.00,0.84,127,0.99,0.83,0.32,0.28,0.14,0.25,0.14,0.18,0.25,0.20,0.23,motorcyle,motorcycle,motercycle,motorcycle,motorcycle,moped,car,motorcycle,bike,jeep,bike,motorcycle,bike/motorcycle,motorcycle,gocart,motorcycle,motorcycle,car,car,motorcycle,motorcycle/bike,vehicle,bicycle/motorcycle,motorcycle,motorcycle,motorcycle,car,motorcycle,truck,motorcycle,motorcycle,motorcycle,motorcycle,motorcycle,motorcycle,vehicle,car,motor bike,motorcycle,tractor,motorcycle,motorcycle,car,motorcycle,jeep,motorcycle,motorcycle,motor bike,motorcycle
img0005.png,bonin/121-druide_druid.GIF,living,1.00,0.67,121,0.93,0.83,0.15,0.21,0.34,0.31,0.09,0.31,0.24,0.15,0.20,hockey player,women,preson,woman in dress holding hand out,woman,snowman,person,person,man,lady dancing,runner,person on pedesle,insect,lady,person,person,girl in long fress reading book,person cathcing a ball,person golfing,man,ostrich,person hailing/waiving,baseball player,woman
img0006.png,bonin/123-ecran_screen.GIF,manipulable,0.96,0.77,94,0.58,0.80,0.45,0.16,0.26,0.14,0.29,0.32,0.14,0.11,0.14,tv,screen,screen on an easle,television,chalk board,movie screen,screen,tv,srene,projection screem,projector screen,projector screen,tv,tv,tv,screen,person smiley hair off fa,tv,tv/computer screen,projector screen,screen,tv,easel,projector screen,drive in movie screen,a projector screen,chalkboard,television,television with stand,computer screen,screen,tv,tv on stand,tv on stand,tv,tv,screen,screen,computer monitor,tv,television,monitor,screen on tripod,tv screen,flat screen tv,road side sign,t.v
img0007.png,bonin/188-massue_club.GIF,manipulable,0.74,0.45,82,1.00,0.97,0.13,0.26,0.44,0.17,0.03,0.26,0.22,0.26,0.22,lightpost,glass,key,house key,key,person,key,screwdriver,raddle,torch,club,flower,wrench,rose in a vase,torch,tree,spoon,mic,staff
img0008.png,bonin/228-pigeon_pigeon.GIF,living,0.86,0.25,122,0.97,0.85,0.25,0.43,0.14,0.17,0.14,0.20,0.23,0.18,0.24,picture of a city,bird,chicken,bird,hawk,eagle,hawk
img0009.png,bonin/235-plat_dish.GIF,living,0.50,0.21,127,0.96,1.00,0.41,0.25,0.12,0.22,0.19,0.16,0.26,0.18,0.21,tool box,storage boxes,hot dog,drum,sandwich,tracks,tank,sub sandwich
img0010.png,bonin/255-route_road.GIF,non-manipulable,0.50,0.15,104,1.00,0.90,0.16,0.08,0.17,0.59,0.17,0.29,0.19,0.16,0.19,p;ow,car,town,guitar
img0011.png,bonin/273-tank_tank.GIF,non-manipulable,0.90,0.56,122,0.90,0.98,0.37,0.24,0.11,0.29,0.19,0.14,0.24,0.17,0.25,bicycle,tow cars,bicycle,bike,convertible,truck,bike,cityscape,blocks,bicycle,tractor,glasses,bicycle,train,vehicle,tank,monster truck,tractor,bycicle,bike
img0012.png,bonin/279-toilette_lavatory.GIF,manipulable,0.81,0.65,125,0.92,0.90,0.29,0.18,0.22,0.31,0.10,0.27,0.19,0.19,0.25,chair,toilet,throne,toilet,toilet,toilet,mirrow,toilet,toilet,stroller,toilet,toilet,toilet,toilet,stroller,toilet,toilet,toilet,swan,toilet,toilet,tolet,pot,toilet,toliet,duck,sink
img0013.png,bonin/282-tractopelle_digger.GIF,non-manipulable,0.55,0.34,111,1.00,0.92,0.20,0.25,0.25,0.30,0.10,0.24,0.22,0.24,0.19,two people having sex,face,forklift,backhoe,bunny,tractor,plow,backhoe,vehicle,dog,backhoe
img0014.png,bonin/288-truelle_trowel.GIF,manipulable,0.78,0.33,136,1.00,0.92,0.20,0.46,0.17,0.17,0.11,0.23,0.22,0.22,0.22,lawnmower,guitar,firework,tie,play toy,racket,chair,shovel,wheelchair
img0015.png,bonin/294-ventilateur_fan.GIF,non-manipulable,0.40,0.26,98,1.00,0.84,0.38,0.33,0.06,0.23,0.12,0.20,0.18,0.17,0.33,shandalere,plane,space ship,bee,moth
img0016.png,bonin/050-bourreau_executioner.GIF,living,0.50,0.18,100,1.00,0.88,0.05,0.21,0.38,0.36,0.08,0.28,0.27,0.16,0.21,basketballplayer,snowblower,pole,rocket,person,hockey player
img0017.png,bonin/076-cartouche_cartridge.GIF,manipulable,0.50,0.14,142,0.92,0.99,0.25,0.28,0.20,0.27,0.09,0.20,0.24,0.24,0.23,tube,dead house bug
img0018.png,bonin/084-chandelier_candlestick.GIF,manipulable,0.87,0.61,148,1.00,0.80,0.15,0.28,0.32,0.24,0.08,0.29,0.23,0.18,0.21,cu,chalice,glass,glass,manora,cup,glass,interment,chalice,cup,wine glass,tree,tree,candle stick,wine glass,candle sticks,goblet/old fashioned wine glass,goblet for wine,goblet,wine glass,chalis,wine glass,menorrah,wine glass,grail,goblet,chalice,tree,goblet,cup
img0019.png,bonin/096-colonne_column.GIF,non-manipulable,0.62,0.42,120,1.00,0.80,0.17,0.14,0.58,0.10,0.07,0.61,0.11,0.12,0.09,highway,tree,tower,column,tree,bottle with a ribbon,pillar,tree,tower,tree,pillar,tree,piller,waterfall,pillar,waterfall
img0020.png,boss/sunglasses04.jpg,manipulable,0.53,0.37,87,0.90,0.79,0.38,0.33,0.08,0.21,0.32,0.29,0.13,0.11,0.15,table,boat,bike pump,sunglasses,snake,no idea,bench,sun glasses,freeway exchange,man sitting,double lines,sleigh,sled,rope know,weedwhacker,pot,cup
img0021.png,boss/swimgoggles.jpg,non-manipulable,0.88,0.59,123,1.00,0.89,0.37,0.24,0.13,0.25,0.15,0.21,0.23,0.15,0.26,machine,tractor,woman laying,train,train,jeep,car,tractor,tractor,tractor,tractor,train,car,automobile,tank,truck,vehicle,train,train,front end loader,dirt mover,tractor,tank,construction vehicle,tank,tracktor
img0022.png,boss/thumbtack02a.jpg,living,0.62,0.71,83,0.68,0.83,0.28,0.18,0.20,0.34,0.26,0.30,0.15,0.05,0.24,chello,tack,guitar,guitar,spider,violin,thumbtack,guitar again,guitar,large stringed instrument,tack,push pin,nail,pin,guitar,sex,guitar,violin,thumb tack,spider with webbing coming out as a string,violin,guitar,guitar,vio;in,ice pick,upside down guitar,pin,pick,viola,viola,guitar,violin,pin,thumb tack
img0023.png,boss/wateringcan.jpg,manipulable,0.85,0.51,91,0.80,0.83,0.25,0.40,0.14,0.21,0.25,0.31,0.15,0.11,0.19,grocerycart,water can,watering can,watering can,tea pot,shopping cart,stroller,teapot,teacup,lantern,camel,shopper cart,cart,shopping cart,turkey,cart,teapot,kettle,camel,teapot
img0024.png,nishimoto/bitmap/10.bmp,non-manipulable,1.00,0.72,110,0.99,0.95,0.34,0.25,0.29,0.12,0.18,0.23,0.18,0.21,0.21,house,house,house,house,house,house,barn,house,lake cabin,house,farmhouse,house,farm house,barn,house,house,house,cabin,house,a building,house,barn,house,house,house,house,barn,house,house,house,farm,house
img0025.png,nishimoto/bitmap/335.bmp,manipulable,0.75,0.15,150,0.94,0.82,0.29,0.21,0.26,0.24,0.13,0.28,0.17,0.21,0.21,map of us,shopping cart,train,shopping cart
img0026.png,nishimoto/bitmap/339.bmp,non-manipulable,0.70,0.79,126,0.81,0.97,0.29,0.17,0.27,0.27,0.26,0.27,0.19,0.13,0.15,tree,christman tree,boat,sail boat,sail boat,sail,sailboat,sail boat,sail boat,christmas tree,tree,sail boat,sailboat,sailboat,sail boat,sail boat,sailboat,tree,xmas tree or sailboat,christmas tree,sailboat,sailboat,sailboat,sailboat,sail,boat,xmas tree,boat,sailboat,boat,christmas tree,boat,xmas tree,sailboat,xmas tree,sail boat,sailboat
img0027.png,nishimoto/bitmap/352.bmp,non-manipulable,0.73,0.29,114,1.00,0.81,0.35,0.09,0.31,0.25,0.17,0.30,0.19,0.18,0.15,pumpkin,bentch,tractor,sailboat,unknown,smoke,zamboni,half of a steam boat,heavy equipment crane,train,microscope
img0028.png,nishimoto/bitmap/354.bmp,non-manipulable,0.44,0.24,100,0.97,0.91,0.09,0.28,0.07,0.56,0.19,0.24,0.15,0.25,0.18,rocket,guitar,potato masher,knife,simekind of tool,wrench,rocket,rocket,rocket
img0029.png,nishimoto/bitmap/57.bmp,living,0.97,0.65,103,0.95,0.78,0.40,0.28,0.14,0.18,0.18,0.23,0.20,0.15,0.24,bird,bird,bird,loon,bird,bird,chicken,duck,bird,duck,punguin,bird,pipe wrench,bird,bird,bird,humming bird,hawk,bird,bird,bird in water,bird,bird,bird,bird,bird,bird,hummingbird,duck,seagul
img0030.png,nishimoto/bitmap/127.bmp,non-manipulable,0.89,0.59,96,1.00,0.93,0.46,0.19,0.20,0.16,0.19,0.29,0.17,0.17,0.18,building,house,house,house,fireplace,temple,house,house,house,building,small house,ship,fireplace,building,chinese  temple,building,house,boatw sails and mirror image in water,5-pointed star,house,house,house,jewel box,house,house,house,treasure chest
img0031.png,nishimoto/bitmap/174.bmp,living,0.70,0.25,100,0.94,0.70,0.16,0.20,0.43,0.21,0.08,0.32,0.21,0.18,0.21,rocket,man lifting weights,person with arms strait out,furniture,bird on aperch,person arms out sides,blimp,toy of a kid character and big head/hair,person,outline of person with their arms stretched out
img0032.png,nishimoto/bitmap/205.bmp,living,0.62,0.33,115,1.00,0.65,0.16,0.10,0.45,0.30,0.07,0.31,0.24,0.19,0.19,dragon fly,dragon fly,dragon,rabbit with a gun,paintball gun,cross,flying bird/eagle,dragonfly,dragon fly,dragonfly,i dont know,ak-47,airplane
img0033.png,nishimoto/bitmap/288.bmp,living,0.97,0.56,118,0.99,0.85,0.32,0.35,0.07,0.26,0.17,0.23,0.20,0.16,0.24,bird,duck,bird,pelican,duck,face,pelican,stork,longbill,goose,pelican,bird,bird,duck,bird,pelican,bird,pelecan,fat gull,gull,duck,pelican,dock,pelican,bird,pelican,duck,pelican,duck,pelican,duck,pelican
img0034.png,RISE/C26_Bass.bmp,non-manipulable,0.33,0.16,93,0.87,0.88,0.29,0.39,0.19,0.13,0.10,0.20,0.25,0.17,0.28,trailer,glasses,fish
img0035.png,RISE/D21_Key.bmp,living,0.92,0.46,98,0.99,0.68,0.15,0.18,0.37,0.30,0.12,0.32,0.22,0.11,0.23,lamb,duck,mythical chareter,person stairing,armouredplate on chest,person,person standing squat,person,upper half of a football player,animal,football player,catcher
img0036.png,RISE/D4_Rib.bmp,living,0.50,0.24,96,1.00,0.83,0.19,0.48,0.12,0.21,0.13,0.18,0.27,0.24,0.18,chicken leg from kfc extra crispy,chicken drumstick,carrot,fist,closed hand around a heart,leaf blower,baseball bat,drumstick,fish,faucet
img0037.png,RISE/F1_10_Monument.bmp,manipulable,0.60,0.40,81,0.92,0.95,0.21,0.20,0.44,0.15,0.11,0.32,0.21,0.20,0.17,vacuum,vaccuum cleaner,vacume,dlock,headstone piller,cleaning appliance,chair,chimney stove,vacuum cleaner,vacuum cleaner,tower,vacuum,monument,skinny tall snowman,church
img0038.png,RISE/F1_23_Clover.bmp,living,0.84,0.68,120,0.80,0.89,0.15,0.28,0.27,0.31,0.17,0.20,0.23,0.18,0.21,lollipops,clover,leaf,clover,clover,balloons,three leaft clover,clover,clover,three leaf clover,shamrock,four leaf clover,shamrock,shamrock,3 leave clover,clover,clover,clover,clover,clover,clover,clover,3 balloons on a string,clover,clover,shamrock,clover,bollen,clover,3leaf clover,shamrock,cloverleaf,baloons,shamrock,three leave colver,shamrock,clover
img0039.png,RISE/Faucet.bmp,non-manipulable,0.74,0.43,127,1.00,0.64,0.42,0.20,0.19,0.20,0.11,0.19,0.24,0.24,0.22,waterfaucet,helicoter,helicopter,helicopter,foset,helicopter,ghost buster car,helicoptor,bike,star of david,flying saucer over town,race car,cetlic cross,car,water faucet,spaceship,chair,cat windmill and mand,helicopter
img0040.png,RISE/Lawnmower.bmp,manipulable,0.93,0.78,96,0.98,0.74,0.15,0.47,0.17,0.22,0.20,0.18,0.18,0.26,0.18,lawnmower,lawnmower,long neck turtle,lawnmower,lawn mawer,lawn mower,lawn mower,lawn mower,lawnmower,lawn  mower,lawnmore,hand on steering wheel,lawn mower,lawnmower,lawn mover,lawnmower,lawn mower,lawn mower,lawn mower,lawn mower,rays,lawn mower,lawn mower,lawn mower,lawn mower,animal arm and claw,lawn mower,lawn mower,lawn mower,poissum with long tail,lawn mower,lawn mower,lawn mower,lawn mower,lawn more,car,mower,;awn mower,lawn mower,lawnmower,lawnmower,lawn mower
img0041.png,RISE/LilZucchini.bmp,living,0.53,0.41,110,0.95,0.92,0.06,0.07,0.13,0.74,0.29,0.36,0.15,0.08,0.13,pickle,stair,slide,whale,tie,fish,tie,shnai,hot dog,slide,cucumber,fish,ariel of whale in the ocean,stocking,whale,bacon,slide
img0042.png,RISE/Pineapple.bmp,living,0.67,0.25,132,1.00,1.00,0.17,0.22,0.31,0.30,0.06,0.23,0.27,0.24,0.20,pineapple,woman,circular spiral shape,present,fruit,pineapple
img0043.png,RISE/C1_Tank.bmp,non-manipulable,0.69,0.39,138,0.93,0.80,0.28,0.22,0.17,0.33,0.09,0.21,0.23,0.22,0.25,tank,tank,tank,cart,rabbit,cat,scout vehicle,train,baby carriage,bike,2 bikes,tank,tricycle
img0044.png,Rossion/103.gif,living,0.86,0.54,123,1.00,0.80,0.15,0.22,0.29,0.34,0.10,0.17,0.31,0.22,0.21,long necked bird,girrafe,garaph,bird,g,giraffe,bird,bird,ostryic,bird,big bird,ostrich,emu,microscope,giraff,bird,ostrich,big bird,giiraff,microscope,bird,ostrich
img0045.png,Rossion/131.gif,manipulable,0.59,0.43,107,0.93,0.93,0.22,0.15,0.03,0.60,0.30,0.18,0.12,0.23,0.17,ladder,ladder,ladder,ladder,rows beds,saw,latter,ladder,steps,ladder,ladder,couch,ariel of beds,steps,beds,3 beds in a row,ladder,ladder,beds,ladder,bridge,ladder
img0046.png,Rossion/136.gif,living,1.00,0.69,135,1.00,0.86,0.19,0.33,0.22,0.25,0.09,0.19,0.25,0.19,0.28,cougar,cat,cat,cat,moutianlion,tiger,jaguar,big cat,couger,cat,cat,wolf,tiger,cougar,dinosaur,animal,cat,camel,mountain lion,leopard,panther,animal,cat,cat,tiger,cougar,cat,panther,lepard,cougar,fox,puma,anima;
img0047.png,Rossion/143.gif,manipulable,0.85,0.55,107,0.92,0.69,0.09,0.35,0.09,0.47,0.34,0.27,0.13,0.12,0.14,lock,pad lock,fishing boat,pocketbook,computer,lock,lock,lock,pad lock,lock,padlock,papple lock,lock,padlock,padlock,lock,electrical plug,lock,rocket,lock,ink bottle,padlock,padlock,popsicles,lock,lock,bed
img0048.png,Rossion/147.gif,non-manipulable,0.96,0.51,142,1.00,0.89,0.24,0.32,0.14,0.30,0.12,0.19,0.24,0.25,0.20,car,truck,lying down animal,motorcycle,car,house,car,motorcycle,tractor,motorcycle,car,race car,fire truck,truck,tractor,tank,motorcycle,old car,automobile,motorcycle,car,semi truck,motorcycle
img0049.png,Rossion/159.gif,living,1.00,0.54,119,0.96,0.73,0.29,0.27,0.18,0.26,0.18,0.19,0.25,0.12,0.25,osterich,ostrich,roster,ostrich,ostrich,flamingo,duck,osteridge,osterich,ostrage,swan,bird,bird,duck,ostrich,ostrich,ostrich,osterich,ostrich,ostrich,ostrich,ostrich,ostrich,ostric,ostich,bird
img0050.png,Rossion/016.gif,living,0.67,0.59,91,0.89,0.89,0.21,0.08,0.09,0.63,0.26,0.31,0.15,0.14,0.14,banana,banana,banana,banana,banana,bannana,hockey stick,sled,bannana,hockey stick  blade,banna,banana,bananna,womans shoe,banana,hill,stairs leading up,bananna,banana,banana,banana,banana,stocking,stairs,banana,electric massage,banana,banna,banana,slide
img0051.png,Rossion/163.gif,manipulable,0.43,0.23,103,0.45,1.00,0.16,0.28,0.21,0.35,0.25,0.27,0.17,0.07,0.23,goggles,tamborine,road with cars,orange,peach,ring,stop sign
img0052.png,Rossion/167.gif,manipulable,0.67,0.28,84,1.00,1.00,0.12,0.74,0.06,0.08,0.27,0.31,0.14,0.10,0.17,stick,scepter,stick,track,pencil,pen,ariel stream/river,match,rocket,rod,pen,water snake
img0053.png,Rossion/169.gif,living,0.93,0.50,87,0.79,0.91,0.13,0.34,0.37,0.16,0.13,0.29,0.22,0.18,0.18,pengin,penguin,side,penguin,penguin,penguin,fish,standing mirror,penquin,penguin,penquin,bird,penguin,penguin,penguin,penguin,penguin,penguin,bird,penguin,bird,pengin,pen\guin,penquine,peguin,bird,penguine
img0054.png,Rossion/176.gif,manipulable,1.00,0.60,115,1.00,0.78,0.06,0.08,0.12,0.74,0.26,0.35,0.16,0.12,0.11,wrench,pliers,pliers,piler,pliers,tool,pliers,compas,pliers,pliers,pliers,bowling pen,pliers,wishbone,pliars,tool,plier,pliers,pliers,pliers,tool,pliers,wrench,tongs,pliers,twizzer,pincers,wrench
img0055.png,Rossion/187.gif,manipulable,0.89,0.70,105,0.58,1.00,0.18,0.35,0.25,0.22,0.19,0.41,0.14,0.06,0.19,bottle,liquor bottle,perfume bottle,engagement ring,cannonball,ring,pocket watch,perfume bottle,ring,ring,vase,ring,strawberry,bottle,christmas ball,perfume bottle,perfume bottle,perfume bottle,perfume bottle,perfume or jar with removal top,perfume bottle,perfume bottle,ring,ring,pumpkin,perfume bottle,perfume bottle,penquin,snowman,jar,ring,diamond ring,ring,perfume bottle,ring,ring,ring,bottle of perfume
img0056.png,Rossion/228.gif,manipulable,0.77,0.31,132,0.77,1.00,0.43,0.15,0.24,0.17,0.18,0.32,0.19,0.07,0.24,roomdesign,camera,house,camera,microwave,window,tv,game boy,tv,tv,ariel photo of roadway,television,t.v with dial knobs
img0057.png,Rossion/232.gif,manipulable,0.84,0.44,91,0.97,0.79,0.15,0.38,0.20,0.26,0.18,0.20,0.20,0.22,0.19,necktieorbottleopener,tye,ice auger,box,neck tie,silverware,neck tie,snake,key,men's tie,bottle opener,necktie,papoose,razor,christmas tree w/ lighted halo,tie,tie,tie,laso
img0058.png,Rossion/243.gif,manipulable,0.56,0.47,100,1.00,0.87,0.10,0.50,0.11,0.29,0.17,0.22,0.16,0.27,0.18,bulldozer,vaccuum cleaner,box,trumpet,vacuum,trumpet,music instrument,dolly,trumpet,vacuum,vacuun,vaccuum,chain,vaccum,trumpet,vaccum
img0059.png,Rossion/250.gif,manipulable,0.33,0.22,137,0.96,0.96,0.28,0.20,0.15,0.36,0.16,0.23,0.18,0.19,0.24,diamonds,tank,man flexing top torso,unknown,fruit basket,wrestling belt
img0060.png,Rossion/251.gif,manipulable,0.80,0.69,148,0.77,0.90,0.28,0.26,0.20,0.26,0.23,0.22,0.19,0.15,0.21,water can,farmyaed,flower can,wateringcan,sprinkler,steam shovel,watering can,crain,water can,water flowers,water pot,watering can,watering can,flower water pot,flower pot,watering can,waterjug for flowers,water can,water can,crane,watering can,plant watering  pail,watering can,watering can,watering can,dump truck,watering can,watering can,watering can,watering container,tractor,old film projector,bulldozer,watering can,watering can
img0061.png,Rossion/260.gif,living,1.00,0.85,138,1.00,0.74,0.15,0.28,0.28,0.29,0.07,0.23,0.27,0.21,0.22,horse,horse,hourse,horse,horse,dog,hourse,animal,horse,horse,dog,dog,horse,horse,dog,zibrra,dog,hyorse,horse,dog,horse,horse,donkey,horse,cow,dog,hourse,horse,horse,horse,horse,zebra,horse,horse,horus,horse,hourse,dog,horse
img0062.png,Rossion/027.gif,non-manipulable,1.00,0.84,130,0.99,0.94,0.26,0.31,0.19,0.24,0.16,0.22,0.22,0.20,0.20,bicycle,bicycle,bike,bicycle,bike,bicycle,bike,bike,bike,bike,bike,bike,bike,bicycle,bike,bicycle,bike,bike,bicycle,bicycle,bycyle,bike,bike,bike,tractor,bicycle,bike,bicycle,bike,bicycle,bike,bike,bike,bike,bike,bicycle,bike,bike,bicycle,bike,bicycle,bicycle,bike,bike,bike,bike,bike
img0063.png,Rossion/036.gif,non-manipulable,0.42,0.64,82,0.75,0.95,0.40,0.21,0.20,0.20,0.26,0.18,0.18,0.13,0.25,shed,house,house,garage,large home,garage,mailbox,mail box,barn,bread,mailbox\,loaf of bread,garage vdriveway,squares,camper,side of garage with drive way,garage,garage with driveway,3d bar or shed,loaf of bread,box,sliced bread,covered bridge,mailbox,can,box,mailbox,loaf of bread,box,spilled milk,box
img0064.png,Rossion/038.gif,manipulable,0.81,0.56,99,1.00,0.89,0.19,0.48,0.16,0.16,0.09,0.24,0.25,0.16,0.26,tiller,fryingpan,lawnmower,guitar,cannon,path down to the lake and boat house,lawn mawer,block,toothbrush,toothbrush,chainsaw,finger pointing,shovel,paddle,blster gun,brush,rake,arrow,comb,knife with handle butchers kitchen,comb,end of guitar where you tune it,instrument,comb,hair brush,bed pan,pan,cleaver,toothbrush,shovel,guitar,shovel
img0065.png,Rossion/004.gif,manipulable,1.00,0.70,131,1.00,0.57,0.21,0.25,0.18,0.36,0.24,0.17,0.23,0.15,0.21,anchor,anchor,anchor,hook,anker,anchor,anchor,anchor,anchor,anchor,anchor,anchor,anchor,anchor,anchor,anchor,lawn mower,anchor,anchor,anchor,anchor,anchor,anchor,letter l slanted,letter z,anchor,anchor,ankor,anchor,anchor,anchor,anchor,anchor,anchor,anchor,achor,anchor
img0066.png,Rossion/045.gif,manipulable,0.89,0.38,105,1.00,0.83,0.27,0.23,0.14,0.36,0.10,0.21,0.22,0.23,0.25,cannon,tank,cannon,cannon,cannon,cannon,cannon,cannon,cannon,artillery cannon,cannon,cannon,cannon,cannon,tipped over tree,cannon,canon,cannon
img0067.png,Rossion/049.gif,living,1.00,0.87,115,0.78,0.94,0.13,0.30,0.30,0.26,0.13,0.24,0.25,0.16,0.23,hawk,cat,cat,cat,cat,cat,cat,cat,cat,dog,cat,cat,cat,cat,cat,dog,cat,owl,cat,cat,cat,cat,eagle,cat,cat,bird,cat,dog,owl,cat,cat,cat,dog,cat,cat,cat,cat,cat,cat,cat,wolf,dog,cat,cat,owl,cat
img0068.png,Rossion/051.gif,manipulable,0.80,0.32,116,1.00,0.91,0.16,0.15,0.09,0.60,0.18,0.34,0.15,0.17,0.16,spoon,tie,bell,broccoli,cannon,celery,statue,tie,slike,log
img0069.png,Rossion/053.gif,non-manipulable,0.96,0.94,129,1.00,0.83,0.15,0.22,0.45,0.18,0.09,0.35,0.25,0.11,0.20,chair,electric chair,chair,arcade,chair,chair,chair,chair,chair,dinner chair,chair,chair,stroller,chair,chair,chair,chair,chair,chair,house,chair,chair,chair,chair,chair,chair,chair,chair,chair,chair,chair,chair,chair,chair,chair,chair,chair,pinball machine,chair,chair,chair,chair,chair,chair,chair,chair,chair,chair,desk
img0070.png,Rossion/073.gif,living,1.00,0.91,100,1.00,0.67,0.20,0.19,0.27,0.34,0.16,0.25,0.21,0.20,0.17,dog,dog,dog,dog,dog,dog,dog,dog,dog,dog,dog,dog,dog,dog,dog,dog,gog,dog,dogh,dog,dog,dog,dog,dog,dog,dog,dog,dog,dog,dog,a dog,dog,hunting dog,dog,dog,dog,dog,dog,dog,dog,dog,dog,dog,dog,dog,dog,dog,dog
img0071.png,Rossion/077.gif,manipulable,0.83,0.55,142,0.73,0.97,0.15,0.30,0.27,0.28,0.21,0.21,0.24,0.10,0.25,dumbell,imperial fighter,doorknob,letters 'sc',cc,camera,clamp tool,two letter 'c's,pincers,90,crab,spin,barbell,door knob,bar bell,dialated eyes,door knob,wrench heads
img0072.png,Rossion/082.gif,living,0.80,0.31,134,0.91,0.93,0.10,0.30,0.28,0.32,0.10,0.20,0.27,0.21,0.21,lsnake,dog,roster,chicken,chicken,rabbit,flower strem,closed hand,bird,bunny,rabbit,fighter jet going down,chicken,microscope,chicken
img0073.png,Rossion/086.gif,non-manipulable,0.57,0.26,103,0.95,1.00,0.27,0.32,0.07,0.34,0.18,0.26,0.18,0.19,0.17,coffie pot,gem,boat,triangle,cloud,space ship,spaceship
img0074.png,Rossion/090.gif,manipulable,0.81,0.45,96,0.83,0.72,0.20,0.21,0.19,0.41,0.20,0.22,0.18,0.20,0.20,flag,flag,holding a knife,saw,flag,some sota indian tool,animal head,toy horse on stick,hatchet,spike with handle,flag,horse,flag,horse,flag,drill
img0075.png,Rossion/098.gif,living,1.00,0.88,121,0.88,0.85,0.13,0.36,0.26,0.26,0.16,0.25,0.24,0.14,0.22,fox,fox,wolf,wolf,wolf,fox,dog,wolf,fox,fox,coyote,wolf,dog,fox,wolf,fox,wolfe,dog,wolf,fox,fox,wolf,fox,wolf,cat,fox,dog,fox,wolf or dog,dog,fox,wolf,fox,fox,unicorn,wolf,coyote,wolf,wolf,dog
img0076.png,SVLO/Pineapple.jpg,living,0.75,0.16,135,1.00,0.94,0.16,0.34,0.21,0.29,0.10,0.18,0.28,0.24,0.20,pineapple,pineapple,woman seated like old time indians,clock
img0077.png,SVLO/Snake.jpg,living,0.62,0.27,140,0.97,0.90,0.26,0.26,0.17,0.31,0.12,0.17,0.24,0.22,0.25,food,snake',squares,baby carriage,letter q,bird,snake,snake
img0078.png,SVLO/Top.jpg,living,0.79,0.76,84,0.67,1.00,0.15,0.30,0.21,0.33,0.18,0.28,0.18,0.11,0.25,strawberry,friut,cupcake,sundae,strawberry,strawberry,strawberry,pear,acorn,strawberry,fruit,heart,apple,strawberry,strawberry,eggcorn,strawberry,leaf,apple,strawberry,acorn,strawberry,chile pepper,strawberry,heart,acorn,furit,top,strawberry,fruit,strawberry,strawberry,top,walnut,leaf,strawberry,leaf,pear
img0079.png,SVLO/Violin.jpg,living,0.79,0.57,86,0.93,0.76,0.17,0.22,0.14,0.47,0.21,0.15,0.20,0.19,0.25,guitar,guitar,violin,stamper,violin,guitar,guitar,violin,violin,guitar,quitar,violin,guariter,bottle,guitar,guitar,violin,push mower,violin,cello,cork screw,guitar,vio;in,cello,cello,spaceship,cello,violin,dont know,guitar,guitar/cello,viollin,guitar
img0080.png,SVLO/Wineglass.jpg,manipulable,1.00,0.74,83,0.70,0.83,0.39,0.18,0.20,0.23,0.28,0.27,0.13,0.12,0.20,glass,wine glass,cup,glass,cup,glass,glass,wine glass,glass,glass,glasse,cup,wine glass,wine glass,wine glass,glass,wine glass,glass,wine glass,wine glass,glass,glass/chalace,chalice,wine glass,wine glass,wine glass or goblet for water,glass,wine glass,glass,wine glass,wine glass,cup,wine glass,cup,glass,wine glass,glass cup
img0081.png,SVLO/lion.jpg,living,1.00,0.72,103,0.93,0.94,0.20,0.30,0.16,0.34,0.13,0.22,0.25,0.18,0.22,dog,amimal,dog,dog,dog,dog,dog,dog,dog,lion,small dog,dog,ram,dog,lion,dog,animal,dog,dog,animal,dog,lion,lion,dog,dog,goat,cow,animal,lion,lion,lion,dog,dog,ram,dog,cat,lion,lion,dog,lion,anima;
img0082.png,SVLO/Cellery.jpg,manipulable,0.61,0.56,114,0.95,0.90,0.10,0.07,0.12,0.71,0.24,0.42,0.14,0.09,0.12,dragracer,ltie,ant,chainsaw,tie,ornamental blade,arm and hand,vegtable,bottle opener,asparagus,celery,celery,microphone,club,necktie,roses,pineapple,instrument,soagetti twirler,arm and hand,arm and hand,hair brush,sword
img0083.png,SVLO/Cock.jpg,living,0.93,0.65,106,0.96,0.67,0.20,0.28,0.22,0.30,0.10,0.18,0.30,0.19,0.23,rooster,rooster,rooster,bird,rooster,chicken,chickin,rooster,bird,rooster,chicken,rooster,chicken,roster,chicken,rooster,chicken,chick,bird,chicken,chicken,chicken,i dont know,chicken,rooster,mortar,chicken,bird,rooster,roster
img0084.png,SVLO/Deer.jpg,living,0.98,0.89,99,1.00,0.64,0.20,0.27,0.30,0.22,0.11,0.25,0.24,0.16,0.24,deer,deer,deer,ram,deer,deer,deer,deer,ram,ram,deer,deer,deer,deer,deer,fon,deer,wolf,deer,deer,deer,deer,deer,reindeer,deer,deer with horns,deer,deer,deer,deer,deer,deer,deer,deer,deer,deer,deer,elk,buck,deer,deer,deer,deer,deer,deer,deer
img0085.png,SVLO/Glasses.jpg,manipulable,1.00,0.66,89,0.72,0.95,0.17,0.39,0.15,0.29,0.23,0.23,0.15,0.17,0.21,glasses,glasses,glasses,sunglasses,glasses,glasses,glasses,glasses,glases,glasse,glasses,glasses,glasses,glasses,glasses,glasses,sunglasses,glasses,eye glasses,glasses,sunglasses,eye glasses,eyeglasses,sunglasses,glasses,eyeglasses,glasses,glasses,glasses,glasses,glasses,glasses,glasses
img0086.png,SVLO/Handbag.jpg,living,0.60,0.19,96,0.96,0.78,0.25,0.25,0.23,0.27,0.13,0.25,0.23,0.17,0.22,house,duck,house,cat,horse
img0087.png,SVLO/Hen.jpg,living,1.00,0.72,119,0.98,0.80,0.17,0.29,0.15,0.39,0.16,0.24,0.22,0.18,0.21,chicken,chicken,bird,chicken,rooster,chicken,rooster,chicken,chicken,rouster,roster,rooster,rooster,chicken,chicken,chicken,bird,rooster/chicken,cock / chicken,chicken,chicken,chicken,chicken,chicken,hen,chicken,chicken,chicken,rooster,chicken,chicken,chicken,chicken,chicken,chicken,chicken,hen,chicken,hen,hen
img0088.png,SVLO/Key.jpg,manipulable,0.86,0.54,111,0.86,0.84,0.21,0.44,0.16,0.19,0.21,0.28,0.17,0.12,0.21,flower,flower,spoon,key,key,key,person on back legs crossed arms behind head,key,rx,key,key,key,key,key,balloons,key,key,crufix,key,key,key,body builder,key,key,key,key,balloon,key,cross
img0089.png,Szekely/obj256man.gif,living,1.00,0.76,101,0.95,0.86,0.10,0.24,0.43,0.24,0.10,0.26,0.26,0.19,0.19,goalee,person,person,man,man standing,guy in chair,man,man,person with one foot raised as if on a stool,man,person,man,person,man,man,person,person,person,person,man,person,buisinesman,profile of a person,person,person standing  knees and up,man,man,man,person,thinking cowboy,person,person,human silhouette,person,man kneeling,man,man,police man,person,person
img0090.png,Szekely/obj262microscope.gif,manipulable,0.57,0.20,148,0.99,0.91,0.43,0.24,0.19,0.14,0.20,0.14,0.21,0.19,0.27,lantern,xmas tree,boat,roundabout connected to road with landscape,microscope,sled,tredmill
img0091.png,Szekely/obj408snail.gif,living,0.56,0.36,104,1.00,0.87,0.38,0.36,0.09,0.18,0.17,0.20,0.20,0.18,0.25,snall,rabbit,sled,skier,sled,tricycle,rabbit,peson skying\,snail,boat,snail,sled,sleigh,praying mantis,washington crossing the delware,rabbit
img0092.png,Szekely/obj421statue.gif,living,0.83,0.19,101,1.00,1.00,0.17,0.20,0.31,0.33,0.10,0.23,0.25,0.22,0.21,mother with child,woman,gun,woman,snowman,choclate bunny
img0093.png,Szekely/obj481unicycle.gif,living,0.50,0.40,125,1.00,0.88,0.18,0.22,0.39,0.20,0.08,0.31,0.28,0.15,0.19,bottle,oval,fish,shrunken head,gun,fish,pineapple,fish,african mask,fruit,helipcopter,fish,fish,diamond
img0094.png,Szekely/obj483vase.gif,manipulable,0.71,0.36,131,0.93,0.98,0.35,0.18,0.21,0.27,0.15,0.21,0.23,0.20,0.20,mother with child,statue,vase,perfume bottle,vase,food,snowman,smoke,mask,bottle,vase,stove,decanter,vase
img0095.png,Szekely/obj485violin.gif,living,0.89,0.52,101,0.98,0.91,0.24,0.44,0.10,0.23,0.14,0.22,0.23,0.19,0.23,guitar,cougar,chello,guitar,guitar,violen,violen,glasses,violin,cello,violin,volin,violin,guitar,violin,voilin,violin,violin,guitar,instrument,violin,vio;in,violin,cello,looking glass,violin,guitar,viola
img0096.png,Szekely/obj504wheelbarrow.gif,manipulable,0.40,0.49,119,0.95,0.80,0.30,0.35,0.12,0.23,0.26,0.18,0.20,0.13,0.23,grill,table,carriage,mobile,rabbit,weelbarrow,wheelbarrow,wagon,table,animal,baby carriage,baby carriage,wagon,baby carriage,moose,sleigh,gurney,table,dont know,wagon
img0097.png,Szekely/obj050bone.gif,manipulable,0.93,0.72,83,0.92,0.71,0.12,0.17,0.10,0.61,0.27,0.23,0.13,0.10,0.27,bone,bone,bone,bone,werch,bone,bone,femer,bone,bone,bone,reanch,dog bone,bone,bone,bone,wrench,bone,bone,bone,bare bone/fossil,dog bone,bone,femur,bone,bone,deer,bone,wrench
img0098.png,Szekely/obj059bra.gif,non-manipulable,0.82,0.39,121,0.93,0.78,0.27,0.25,0.26,0.22,0.17,0.20,0.23,0.18,0.22,boat,bra,two people on a sled,boat,tugboat,snowmobile,sled,two bikes going opposite ways,two smokestacks,snomobile,two houses with chimneys,boat with sails,ship,sky scape of buildings,boat,town houses,ship,sailboad,snowmobile,snowmobile,houses,eyeglasses
img0099.png,Szekely/obj081car.gif,non-manipulable,1.00,0.92,91,0.97,0.95,0.34,0.26,0.14,0.25,0.21,0.17,0.18,0.19,0.26,car,car,car,car,car,car,car,car,car,car,car,car,car,car,car,car,car,car,car,car,car,car,car,car,car,car,car,car,sports car,car,car,car,truck,car,car,car,car,car,car,car,car,car,car,car,car,truck,pickup truck,car,car,car,car,car,car
img0100.png,Szekely/obj215icecreamcone.gif,living,0.50,0.41,89,0.92,0.92,0.19,0.21,0.27,0.33,0.14,0.21,0.26,0.16,0.23,ice cream cone with suger coneand sprinkles,key,key,icecreamcone,malt,key,ice cream cone,kite,key,ice cream cone,ice cream,club,tree,key,ice cream cone,ice cream cone,key,key
